{
    "$schema": "https://schema.management.azure.com/schemas/2019-04-01/deploymentParameters.json#",
    "contentVersion": "1.0.0.0",
    "parameters": {
      "environmentName": {
        "value": "${AZURE_ENV_NAME}"
      },
      "location": {
        "value": "${AZURE_LOCATION}"
      },
      "jokesmcpHttpTypescriptExists": {
        "value": "${SERVICE_JOKESMCP_HTTP_TYPESCRIPT_RESOURCE_EXISTS=false}"
      },
      "principalId": {
        "value": "${AZURE_PRINCIPAL_ID}"
      }
    }
}
